product_name,product_price,Rate,Review,Summary,Sentiment
"Candes 12 L Room/Personal Air Cooler??????(White, Black, Elegant High Speed-Honey Comb Cooling Pad & Ice Chamber, Blower)",3999,5,super!,great cooler excellent air flow and for this price its so amazing and unbelievablejust love it,positive
"Candes 12 L Room/Personal Air Cooler??????(White, Black, Elegant High Speed-Honey Comb Cooling Pad & Ice Chamber, Blower)",3999,5,awesome,best budget 2 fit cooler nice cooling,positive
"Candes 12 L Room/Personal Air Cooler??????(White, Black, Elegant High Speed-Honey Comb Cooling Pad & Ice Chamber, Blower)",3999,3,fair,the quality is good but the power of air is decent,positive
"Candes 12 L Room/Personal Air Cooler??????(White, Black, Elegant High Speed-Honey Comb Cooling Pad & Ice Chamber, Blower)",3999,1,useless product,very bad product its a only a fan,negative
"Candes 12 L Room/Personal Air Cooler??????(White, Black, Elegant High Speed-Honey Comb Cooling Pad & Ice Chamber, Blower)",3999,3,fair,ok ok product,neutral
"Candes 12 L Room/Personal Air Cooler??????(White, Black, Elegant High Speed-Honey Comb Cooling Pad & Ice Chamber, Blower)",3999,5,awesome,the cooler is really fantastic and provides good air flow highly recommended,positive
"Candes 12 L Room/Personal Air Cooler??????(White, Black, Elegant High Speed-Honey Comb Cooling Pad & Ice Chamber, Blower)",3999,5,highly recommended,very good product,positive
"Candes 12 L Room/Personal Air Cooler??????(White, Black, Elegant High Speed-Honey Comb Cooling Pad & Ice Chamber, Blower)",3999,3,nice,very nice,positive
"Candes 12 L Room/Personal Air Cooler??????(White, Black, Elegant High Speed-Honey Comb Cooling Pad & Ice Chamber, Blower)",3999,1,unsatisfactory,very bad cooler,negative
"Candes 12 L Room/Personal Air Cooler??????(White, Black, Elegant High Speed-Honey Comb Cooling Pad & Ice Chamber, Blower)",3999,4,worth the money,very good,positive
"Candes 60 L Room/Personal Air Cooler??????(White, Black, CRETA)",8999,5,great product,beautiful product good material and perfectly working,positive
"Candes 60 L Room/Personal Air Cooler??????(White, Black, CRETA)",8999,5,mind-blowing purchase,awesome,positive
"Candes 60 L Room/Personal Air Cooler??????(White, Black, CRETA)",8999,5,highly recommended,good,positive
"Candes 60 L Room/Personal Air Cooler??????(White, Black, CRETA)",8999,5,brilliant,wonderful product must buy,positive
"Candes 60 L Room/Personal Air Cooler??????(White, Black, CRETA)",8999,5,classy product,nice air cooler smart cool breeze producer,positive
"Candes 60 L Room/Personal Air Cooler??????(White, Black, CRETA)",8999,5,must buy!,awsm,positive
"Candes 60 L Room/Personal Air Cooler??????(White, Black, CRETA)",8999,5,fabulous!,nice product,positive
"Candes 60 L Room/Personal Air Cooler??????(White, Black, CRETA)",8999,5,worth every penny,great cooler,positive
"Candes 60 L Room/Personal Air Cooler??????(White, Black, CRETA)",8999,5,super!,nice product,positive
"Candes 60 L Room/Personal Air Cooler??????(White, Black, CRETA)",8999,5,great product,good,positive
"Candes 60 L Room/Personal Air Cooler??????(White, Black, CRETA)",8999,5,awesome,very nice product,positive
"Candes 60 L Room/Personal Air Cooler??????(White, Black, CRETA)",8999,5,worth every penny,good product,positive
"Candes 60 L Room/Personal Air Cooler??????(White, Black, CRETA)",8999,5,just wow!,nice product with the reasonable price,positive
"Candes 60 L Room/Personal Air Cooler??????(White, Black, CRETA)",8999,5,awesome,i like it,positive
"Candes 60 L Room/Personal Air Cooler??????(White, Black, CRETA)",8999,5,terrific purchase,very goodd,positive
"Candes 60 L Room/Personal Air Cooler??????(White, Black, CRETA)",8999,5,excellent,good product,positive
"Candes 60 L Room/Personal Air Cooler??????(White, Black, CRETA)",8999,5,worth every penny,good product kawaleti,positive
"Candes 60 L Room/Personal Air Cooler??????(White, Black, CRETA)",8999,5,terrific,very good cooler amazing beautiful designs affordable price,positive
"Candes 60 L Room/Personal Air Cooler??????(White, Black, CRETA)",8999,5,awesome,using since 3months great experience,positive
"Candes 60 L Room/Personal Air Cooler??????(White, Black, CRETA)",8999,5,simply awesome,very good performance and nice look,positive
"Candes 60 L Room/Personal Air Cooler??????(White, Black, CRETA)",8999,4,wonderful,product is good having strong thrust of air flow must buy,positive
"Candes 60 L Room/Personal Air Cooler??????(White, Black, CRETA)",8999,5,terrific,very good,positive
"Candes 60 L Room/Personal Air Cooler??????(White, Black, CRETA)",8999,2,expected a better product,bad quality,negative
"Candes 60 L Room/Personal Air Cooler??????(White, Black, CRETA)",8999,5,excellent,very nice product,positive
"Candes 60 L Room/Personal Air Cooler??????(White, Black, CRETA)",8999,5,terrific purchase,very soundless product and low price other company,positive
"Candes 60 L Room/Personal Air Cooler??????(White, Black, CRETA)",8999,5,wonderful,nice,positive
"MAHARAJA WHITELINE 65 L Desert Air Cooler??????(White, Grey, Rambo Grey / AC-303)",7999,5,wonderful,the best poduct that i bought from flifkart it works superb like ac and price is also reasonable only rs 8698,positive
"MAHARAJA WHITELINE 65 L Desert Air Cooler??????(White, Grey, Rambo Grey / AC-303)",7999,4,good quality product,cooler is big and wide maharaja brand trust y every thing is good about cooler create less noise only thing is that its motor is not powerful even in high speed rest all things are good but yes for one middle size room it is ok,positive
"MAHARAJA WHITELINE 65 L Desert Air Cooler??????(White, Grey, Rambo Grey / AC-303)",7999,5,awesome,it is one of the best air coolers at reasonable price have ever seen but the ventilation of the room is must for proper cooling but the size is quite big it will i hope create a space problem during off seasons the air supply is very good and its one of the essential part of the air cooler with the wool wood pads which helps to make super cooling afterall thank you maharaja company to make such a product in affordable and reasonable price,positive
"MAHARAJA WHITELINE 65 L Desert Air Cooler??????(White, Grey, Rambo Grey / AC-303)",7999,5,excellent,awesome air cooleri was looking for a cooler under this range and this has fulfilled my requirement this has the following features1 great air through the capacity of 5000 m3hr 2 comes with a large 65litre tank which can run overnight with ease3 great built that is a shockproof and reliable material4 you have to stop this beast at night because it has that massive cooling capabilityone small concern is mine and it is for sure that it is not a dealbreaker that it produces s,positive
"MAHARAJA WHITELINE 65 L Desert Air Cooler??????(White, Grey, Rambo Grey / AC-303)",7999,5,great product,purchased after a lot of discussions and reviews i would say this the best which gives you the comfort needed best to for with no 2nd thoughts nice cooling low noise hope this should be energy efficient and used for a long run,positive
"MAHARAJA WHITELINE 65 L Desert Air Cooler??????(White, Grey, Rambo Grey / AC-303)",7999,5,highly recommended,very nice cooler cooling is very good there is no noise i reviewed a lot then only i purchased it if you want effective cooling you have to set it up at a window where there is cross ventilation without cross ventilation it will make environment humid lookwise it is very nice and material is strong,positive
"MAHARAJA WHITELINE 65 L Desert Air Cooler??????(White, Grey, Rambo Grey / AC-303)",7999,5,awesome,feedback given after using one week the cooler is amazing its making the whole room cooling you should install the cooler near to your windows the delivery was on time as well the delivery boy also very supportive,positive
"MAHARAJA WHITELINE 65 L Desert Air Cooler??????(White, Grey, Rambo Grey / AC-303)",7999,3,decent product,great deal 65 l quite big tank sufficient cooling for one medium size room 3 modes works well best in this range,positive
"MAHARAJA WHITELINE 65 L Desert Air Cooler??????(White, Grey, Rambo Grey / AC-303)",7999,5,fabulous!,i bought this cooler on heavy discount by flipkart cooler is build of good quality material it has a fast fan with powerfull motor pump air quality is excellent even for a big room a must buy value for money product,positive
"MAHARAJA WHITELINE 65 L Desert Air Cooler??????(White, Grey, Rambo Grey / AC-303)",7999,3,very satisfactory,the good things1 very well packed good amount of thermocols to protect from transport damages2 sturdy body3 relatively less noise as compared to bajaj cooler i had earlierwish this was betterfor many purposes it is necessary to open cooler body opening the body of cooler is not very intuitive common consumers may not even attempt for fear of damaging something 1 easy opening of side frames to change pads or clean the water inlets2 water balloon used to cut water supply au,positive
"MAHARAJA WHITELINE 65 L Desert Air Cooler??????(White, Grey, Rambo Grey / AC-303)",7999,4,good quality product,excellent producthappy with resultnice air flowosm cooling,positive
"MAHARAJA WHITELINE 65 L Desert Air Cooler??????(White, Grey, Rambo Grey / AC-303)",7999,5,mind-blowing purchase,cooler works fine and it is inverter friendly,positive
"MAHARAJA WHITELINE 65 L Desert Air Cooler??????(White, Grey, Rambo Grey / AC-303)",7999,1,waste of money!,small wire and moter capacity is very low fan speed was not good out flow vent hole is above the lower part of cooler its very difficult to change water,negative
"MAHARAJA WHITELINE 65 L Desert Air Cooler??????(White, Grey, Rambo Grey / AC-303)",7999,5,must buy!,perfect product for large size room,positive
"MAHARAJA WHITELINE 65 L Desert Air Cooler??????(White, Grey, Rambo Grey / AC-303)",7999,4,good not best,average cooling not much as expected by size and reviews of cooler cooling is sufficient maharaja whiteline should work on its cooling efficiency and reduce size by width can increase in height to maintain tank capacity,positive
"MAHARAJA WHITELINE 65 L Desert Air Cooler??????(White, Grey, Rambo Grey / AC-303)",7999,5,must buy!,product was amazing cooling capacity awsum pls go for ahead a big thumbs up,positive
"MAHARAJA WHITELINE 65 L Desert Air Cooler??????(White, Grey, Rambo Grey / AC-303)",7999,4,does the job,good,positive
"MAHARAJA WHITELINE 65 L Desert Air Cooler??????(White, Grey, Rambo Grey / AC-303)",7999,3,nice,received dalay 10 days cooler is ok when i was reveived switch damaged,negative
"MAHARAJA WHITELINE 65 L Desert Air Cooler??????(White, Grey, Rambo Grey / AC-303)",7999,4,worth the money,big oneworking good 2days of use hope will work for long run,positive
"MAHARAJA WHITELINE 65 L Desert Air Cooler??????(White, Grey, Rambo Grey / AC-303)",7999,4,pretty good,good product nice air flow and no noice,positive
"MAHARAJA WHITELINE 65 L Desert Air Cooler??????(White, Grey, Rambo Grey / AC-303)",7999,5,good cooler,in this price good cooler,positive
"MAHARAJA WHITELINE 65 L Desert Air Cooler??????(White, Grey, Rambo Grey / AC-303)",7999,4,wonderful,is good for many,positive
"MAHARAJA WHITELINE 65 L Desert Air Cooler??????(White, Grey, Rambo Grey / AC-303)",7999,4,wonderful,it is an awesome product light weight easy to use and having lot of features,positive
"MAHARAJA WHITELINE 65 L Desert Air Cooler??????(White, Grey, Rambo Grey / AC-303)",7999,1,worthless,the product doesnt cool as rated by other customers the cooling is very slow very wrost product i recommend to not buy this item wastage of money,positive
"MAHARAJA WHITELINE 65 L Desert Air Cooler??????(White, Grey, Rambo Grey / AC-303)",7999,5,great product,looks like monster cooler it is working as awesome,positive
"MAHARAJA WHITELINE 65 L Desert Air Cooler??????(White, Grey, Rambo Grey / AC-303)",7999,5,great product,very nice product thank you flipkart,positive
"MAHARAJA WHITELINE 65 L Desert Air Cooler??????(White, Grey, Rambo Grey / AC-303)",7999,5,must buy!,very good,positive
"MAHARAJA WHITELINE 65 L Desert Air Cooler??????(White, Grey, Rambo Grey / AC-303)",7999,4,good quality product,good cooler it occupies more space looks very large but good for hall it covers all the places,positive
"MAHARAJA WHITELINE 65 L Desert Air Cooler??????(White, Grey, Rambo Grey / AC-303)",7999,3,decent product,very impressive coolerpros stylish energy efficient 165 watt very good air throw and cooling summersible pumpcons very bulky take more place than other no wheel lack of ice box,positive
"MAHARAJA WHITELINE 65 L Desert Air Cooler??????(White, Grey, Rambo Grey / AC-303)",7999,5,brilliant,best cooler i bought 6884,positive
"MAHARAJA WHITELINE 65 L Desert Air Cooler??????(White, Grey, Rambo Grey / AC-303)",7999,5,super!,excellent cooler in this price rangepros1 air throw is very powerful even when u run it at slow speed setting 2 cooling and tank capacity3 ergonomics cons1 if you want to clean the cooler then opening the pads is very cumbersome process if you have placed it on some flat surface then also draining the old water is very difficult overall v good cooler apart from above cons and considering price,positive
"MAHARAJA WHITELINE 65 L Desert Air Cooler??????(White, Grey, Rambo Grey / AC-303)",7999,1,worst experience ever!,cooler not provide cool air because 1year experience,negative
"MAHARAJA WHITELINE 65 L Desert Air Cooler??????(White, Grey, Rambo Grey / AC-303)",7999,5,perfect product!,a good product in budget,positive
"MAHARAJA WHITELINE 65 L Desert Air Cooler??????(White, Grey, Rambo Grey / AC-303)",7999,4,wonderful,packaging excellent value for money product,positive
"MAHARAJA WHITELINE 65 L Desert Air Cooler??????(White, Grey, Rambo Grey / AC-303)",7999,5,simply awesome,delivered within 2 days working good,positive
"MAHARAJA WHITELINE 65 L Desert Air Cooler??????(White, Grey, Rambo Grey / AC-303)",7999,4,nice product,efficient for large roomspros1 low noise of fan2 inverter friendly3 cools large rooms fastly and easily4 it have aroma chamber in which you can add tablet of frangrance to counter smell of woodwool pads5 it have 2 section for air flow which means you can adjust it to get air for double decker cot equallycons1they should have provided stand of castor wheel for it to move2 it should have ice chamberwill update more about it in future,positive
"MAHARAJA WHITELINE 65 L Desert Air Cooler??????(White, Grey, Rambo Grey / AC-303)",7999,4,worth the money,better than the steel cooler less noise and value for money,positive
"MAHARAJA WHITELINE 65 L Desert Air Cooler??????(White, Grey, Rambo Grey / AC-303)",7999,1,useless product,dont buy maharaja whiteline coolers they have cheap aluminum motors that are good for at max 2 years repair cost of these motors is so high that u would want to sell rather than repair them,positive
"MAHARAJA WHITELINE 65 L Desert Air Cooler??????(White, Grey, Rambo Grey / AC-303)",7999,5,excellent,very nice product and delivery is satisfied,positive
"MAHARAJA WHITELINE 65 L Desert Air Cooler??????(White, Grey, Rambo Grey / AC-303)",7999,1,"like an assembled, one can get for 4.5k cheap quality",no quality product1 the wood wool has started falling out from the next day2 out of two led indicator has found not working on arrival3 the air swinger is already giving noise when moving which never used to be in my old cooler which i am using since 3 years4 the quality is no way machine to branded coolers5 anti bacterial tank has been bacterial now as there is no way to clean it so congested to maintain it cleanlyin my way think before you buyac has option to aut,negative
"MAHARAJA WHITELINE 65 L Desert Air Cooler??????(White, Grey, Rambo Grey / AC-303)",7999,5,simply awesome,air throw is very good it makes room very cool in just half an hour full tank capacity is 65 litres which stays up to 5 hours it makes big living room colder not very much noisy,positive
"MAHARAJA WHITELINE 65 L Desert Air Cooler??????(White, Grey, Rambo Grey / AC-303)",7999,5,great product,on time delivery received exact productthank u flipkart,positive
"MAHARAJA WHITELINE 65 L Desert Air Cooler??????(White, Grey, Rambo Grey / AC-303)",7999,5,wonderful,maharaja always no 1,positive
"MAHARAJA WHITELINE 65 L Desert Air Cooler??????(White, Grey, Rambo Grey / AC-303)",7999,5,wonderful,awesome product love this,positive
"MAHARAJA WHITELINE 65 L Desert Air Cooler??????(White, Grey, Rambo Grey / AC-303)",7999,2,not good,poar quality plastic material is not good,negative
"MAHARAJA WHITELINE 65 L Desert Air Cooler??????(White, Grey, Rambo Grey / AC-303)",7999,4,very good,value for money,positive
"MAHARAJA WHITELINE 65 L Desert Air Cooler??????(White, Grey, Rambo Grey / AC-303)",7999,5,super!,nice cooler,positive
"MAHARAJA WHITELINE 65 L Desert Air Cooler??????(White, Grey, Rambo Grey / AC-303)",7999,5,terrific purchase,fantastic product great cool,positive
"MAHARAJA WHITELINE 65 L Desert Air Cooler??????(White, Grey, Rambo Grey / AC-303)",7999,2,slightly disappointed,dont buy just by seing the comments dont know how people review and rate the product cooling is ok but when it comes to fill the water you would need inlet pipe to fill the water we cannot open from the backsides to fill the watercleaning is highly impossible because there is no way you can open and clean worst design other small small branded companies provide all those facilities but this is worst product design totally unhappy with this product,negative
"MAHARAJA WHITELINE 65 L Desert Air Cooler??????(White, Grey, Rambo Grey / AC-303)",7999,4,good quality product,best at its price,positive
"MAHARAJA WHITELINE 65 L Desert Air Cooler??????(White, Grey, Rambo Grey / AC-303)",7999,2,expected a better product,this is my review after using this product for a week1air throw is good2produce less noise3good product at reasonable pricebut it never open from behindnot easy to cleanrefill the watercable is short,positive
"MAHARAJA WHITELINE 65 L Desert Air Cooler??????(White, Grey, Rambo Grey / AC-303)",7999,1,horrible,cooling fan problem,negative
"MAHARAJA WHITELINE 65 L Desert Air Cooler??????(White, Grey, Rambo Grey / AC-303)",7999,3,nice,after discount rs 7200 price is okquality is okdelivery as on time okmotor speed 1200 rpm okpump okcolour is ok look is also okwater storage is appx 65 ltd more than 3 large bucket is okstill giving 3 star because it is a large in size and in width not fit to my window not expectedwill give next rating after couple of month usagethanx flipkart,positive
"MAHARAJA WHITELINE 65 L Desert Air Cooler??????(White, Grey, Rambo Grey / AC-303)",7999,4,good quality product,product is really worthy of price 8k however it occupied more space in room should one consider it before buy it worth for that money,positive
"MAHARAJA WHITELINE 65 L Desert Air Cooler??????(White, Grey, Rambo Grey / AC-303)",7999,5,simply awesome,mind blowing very good for hall and for big wondow its really big in size quality is nice must buy,positive
"MAHARAJA WHITELINE 65 L Desert Air Cooler??????(White, Grey, Rambo Grey / AC-303)",7999,5,mind-blowing purchase,good and sufficient size,positive
"MAHARAJA WHITELINE 65 L Desert Air Cooler??????(White, Grey, Rambo Grey / AC-303)",7999,5,highly recommended,awesome,positive
"MAHARAJA WHITELINE 65 L Desert Air Cooler??????(White, Grey, Rambo Grey / AC-303)",7999,5,fabulous!,good product,positive
"MAHARAJA WHITELINE 65 L Desert Air Cooler??????(White, Grey, Rambo Grey / AC-303)",7999,5,brilliant,best product,positive
"MAHARAJA WHITELINE 65 L Desert Air Cooler??????(White, Grey, Rambo Grey / AC-303)",7999,5,great product,very good,positive
"MAHARAJA WHITELINE 65 L Desert Air Cooler??????(White, Grey, Rambo Grey / AC-303)",7999,5,highly recommended,good product delivery on time,positive
"MAHARAJA WHITELINE 65 L Desert Air Cooler??????(White, Grey, Rambo Grey / AC-303)",7999,5,must buy!,nice product deliver in time,positive
"MAHARAJA WHITELINE 65 L Desert Air Cooler??????(White, Grey, Rambo Grey / AC-303)",7999,5,terrific purchase,i honestly liked the productbest desert cooler at lowest price i got the deal of 6889nice brand good built quality with precision to eachgood switches and knobs to controltakes space as its hugevery silentnot high but good speed fan to cool upto upto 12 feetno ice tray but its not a mattergo for it,positive
"MAHARAJA WHITELINE 65 L Desert Air Cooler??????(White, Grey, Rambo Grey / AC-303)",7999,1,very poor,dont buy this product within 15 year wind blade was broken and noise issue wind blow very low its better to go other brand,negative
"MAHARAJA WHITELINE 65 L Desert Air Cooler??????(White, Grey, Rambo Grey / AC-303)",7999,5,mind-blowing purchase,awesome product,positive
"MAHARAJA WHITELINE 65 L Desert Air Cooler??????(White, Grey, Rambo Grey / AC-303)",7999,5,terrific purchase,very good product,positive
"MAHARAJA WHITELINE 65 L Desert Air Cooler??????(White, Grey, Rambo Grey / AC-303)",7999,4,good quality product,valu for money,positive
"MAHARAJA WHITELINE 65 L Desert Air Cooler??????(White, Grey, Rambo Grey / AC-303)",7999,4,wonderful,nice to,positive
"MAHARAJA WHITELINE 65 L Desert Air Cooler??????(White, Grey, Rambo Grey / AC-303)",7999,1,useless product,worst product fan speed very slowlike nothing,negative
"MAHARAJA WHITELINE 65 L Desert Air Cooler??????(White, Grey, Rambo Grey / AC-303)",7999,5,terrific purchase,best product,positive
"MAHARAJA WHITELINE 65 L Desert Air Cooler??????(White, Grey, Rambo Grey / AC-303)",7999,5,simply awesome,big size mostly like industrial cooler but within this price and my house is big it is perfect no wheels but can buy stand and it works fine if you have close home and less space go for other options,positive
"MAHARAJA WHITELINE 65 L Desert Air Cooler??????(White, Grey, Rambo Grey / AC-303)",7999,1,unsatisfactory,very bad service by flipkart customer care representative and jeeves agent too much bad performance no cooling just like a stand fan,negative
"MAHARAJA WHITELINE 65 L Desert Air Cooler??????(White, Grey, Rambo Grey / AC-303)",7999,4,really nice,oh really really very good i am so happy,positive
"MAHARAJA WHITELINE 65 L Desert Air Cooler??????(White, Grey, Rambo Grey / AC-303)",7999,1,unsatisfactory,low air and not cooling as axcpected,negative
"MAHARAJA WHITELINE 65 L Desert Air Cooler??????(White, Grey, Rambo Grey / AC-303)",7999,5,best in the market!,super cooling system,positive
"MAHARAJA WHITELINE 65 L Desert Air Cooler??????(White, Grey, Rambo Grey / AC-303)",7999,5,highly recommended,very nice working,positive
"MAHARAJA WHITELINE 65 L Desert Air Cooler??????(White, Grey, Rambo Grey / AC-303)",7999,5,classy product,excellent performance,positive
"MAHARAJA WHITELINE 65 L Desert Air Cooler??????(White, Grey, Rambo Grey / AC-303)",7999,4,good quality product,good,positive
"MAHARAJA WHITELINE 65 L Desert Air Cooler??????(White, Grey, Rambo Grey / AC-303)",7999,5,best in the market!,wonderful product can go for it,positive
"MAHARAJA WHITELINE 65 L Desert Air Cooler??????(White, Grey, Rambo Grey / AC-303)",7999,4,good quality product,really desert cooler super cool,positive
"MAHARAJA WHITELINE 65 L Desert Air Cooler??????(White, Grey, Rambo Grey / AC-303)",7999,5,brilliant,very good product water flow must be slow from pump but its okay,positive
"MAHARAJA WHITELINE 65 L Desert Air Cooler??????(White, Grey, Rambo Grey / AC-303)",7999,1,absolute rubbish!,water inlet is not good,negative
"MAHARAJA WHITELINE 65 L Desert Air Cooler??????(White, Grey, Rambo Grey / AC-303)",7999,5,terrific,awesome,positive
"MAHARAJA WHITELINE 65 L Desert Air Cooler??????(White, Grey, Rambo Grey / AC-303)",7999,5,terrific purchase,owsum product,positive
"MAHARAJA WHITELINE 65 L Desert Air Cooler??????(White, Grey, Rambo Grey / AC-303)",7999,3,just okay,not so good,negative
"MAHARAJA WHITELINE 65 L Desert Air Cooler??????(White, Grey, Rambo Grey / AC-303)",7999,4,nice product,cooler is really very good but use any cooler ventilation os a must without ventilation no cooler will work especially in rainy seasonproduct is original was delivered safely this review is after a week,positive
"MAHARAJA WHITELINE 65 L Desert Air Cooler??????(White, Grey, Rambo Grey / AC-303)",7999,4,good quality product,ice product,positive
"MAHARAJA WHITELINE 65 L Desert Air Cooler??????(White, Grey, Rambo Grey / AC-303)",7999,5,perfect product!,not working motors and very bad poor maharaja cooler,negative
"MAHARAJA WHITELINE 65 L Desert Air Cooler??????(White, Grey, Rambo Grey / AC-303)",7999,5,must buy!,very good product worth buying,positive
"MAHARAJA WHITELINE 65 L Desert Air Cooler??????(White, Grey, Rambo Grey / AC-303)",7999,5,perfect product!,good product,positive
"MAHARAJA WHITELINE 65 L Desert Air Cooler??????(White, Grey, Rambo Grey / AC-303)",7999,2,bad quality,fan speed is slow and making lot of noise,positive
"MAHARAJA WHITELINE 65 L Desert Air Cooler??????(White, Grey, Rambo Grey / AC-303)",7999,5,mind-blowing purchase,nice cooler perfect for hall,positive
"MAHARAJA WHITELINE 65 L Desert Air Cooler??????(White, Grey, Rambo Grey / AC-303)",7999,4,worth the money,very good cooling,positive
"MAHARAJA WHITELINE 65 L Desert Air Cooler??????(White, Grey, Rambo Grey / AC-303)",7999,1,worst experience ever!,average production,neutral
"MAHARAJA WHITELINE 65 L Desert Air Cooler??????(White, Grey, Rambo Grey / AC-303)",7999,4,really nice,awesome,positive
"MAHARAJA WHITELINE 65 L Desert Air Cooler??????(White, Grey, Rambo Grey / AC-303)",7999,5,fabulous!,awesome,positive
"MAHARAJA WHITELINE 65 L Desert Air Cooler??????(White, Grey, Rambo Grey / AC-303)",7999,5,highly recommended,nice product,positive
"MAHARAJA WHITELINE 65 L Desert Air Cooler??????(White, Grey, Rambo Grey / AC-303)",7999,5,fabulous!,good aircoolr,positive
"MAHARAJA WHITELINE 65 L Desert Air Cooler??????(White, Grey, Rambo Grey / AC-303)",7999,4,good quality product,nice,positive
"MAHARAJA WHITELINE 65 L Desert Air Cooler??????(White, Grey, Rambo Grey / AC-303)",7999,5,great product,good condition best cooling,positive
"MAHARAJA WHITELINE 65 L Desert Air Cooler??????(White, Grey, Rambo Grey / AC-303)",7999,4,really nice,good product,positive
"MAHARAJA WHITELINE 65 L Desert Air Cooler??????(White, Grey, Rambo Grey / AC-303)",7999,5,wonderful,good,positive
"MAHARAJA WHITELINE 65 L Desert Air Cooler??????(White, Grey, Rambo Grey / AC-303)",7999,5,just wow!,superb nice coolingsimply awesome unbeatable at this price range,positive
"MAHARAJA WHITELINE 65 L Desert Air Cooler??????(White, Grey, Rambo Grey / AC-303)",7999,4,good quality product,build quality is better than symphony jumbo 70however cooling is a bit lesser and noise a bit more than symphony jumbo 70a larger tank capacity of 90100 ltr with aspen pads is desirable,positive
"MAHARAJA WHITELINE 65 L Desert Air Cooler??????(White, Grey, Rambo Grey / AC-303)",7999,3,just okay,product quality is very bad and fan blade broken air flow average,negative
"MAHARAJA WHITELINE 65 L Desert Air Cooler??????(White, Grey, Rambo Grey / AC-303)",7999,5,super!,good product,positive
"MAHARAJA WHITELINE 65 L Desert Air Cooler??????(White, Grey, Rambo Grey / AC-303)",7999,3,nice,nice product,positive
"MAHARAJA WHITELINE 65 L Desert Air Cooler??????(White, Grey, Rambo Grey / AC-303)",7999,5,fabulous!,amazing,positive
"MAHARAJA WHITELINE 65 L Desert Air Cooler??????(White, Grey, Rambo Grey / AC-303)",7999,1,worthless,this cooler is not not cooling the room,negative
"MAHARAJA WHITELINE 65 L Desert Air Cooler??????(White, Grey, Rambo Grey / AC-303)",7999,5,worth every penny,excellent,positive
"MAHARAJA WHITELINE 65 L Desert Air Cooler??????(White, Grey, Rambo Grey / AC-303)",7999,4,worth the money,cooling system is good,positive
"MAHARAJA WHITELINE 65 L Desert Air Cooler??????(White, Grey, Rambo Grey / AC-303)",7999,1,absolute rubbish!,speed of cooler is slower than fan after one week of use,positive
"MAHARAJA WHITELINE 65 L Desert Air Cooler??????(White, Grey, Rambo Grey / AC-303)",7999,5,super!,awesome for big rooms,positive
"MAHARAJA WHITELINE 65 L Desert Air Cooler??????(White, Grey, Rambo Grey / AC-303)",7999,4,very good,cooler is good but sige is big colling good prise 6500the cooler is good but its airing speed is lowmakes very little noise and is good to watch,positive
"MAHARAJA WHITELINE 65 L Desert Air Cooler??????(White, Grey, Rambo Grey / AC-303)",7999,4,really nice,good product,positive
"MAHARAJA WHITELINE 65 L Desert Air Cooler??????(White, Grey, Rambo Grey / AC-303)",7999,3,just okay,speed is very slow,neutral
"MAHARAJA WHITELINE 65 L Desert Air Cooler??????(White, Grey, Rambo Grey / AC-303)",7999,5,terrific purchase,very good product in all respect it is one of the best desert cooler in the market and finally thanks to flipkart product designer manufacturersit looks simple but cooling effect is amaging,positive
"MAHARAJA WHITELINE 65 L Desert Air Cooler??????(White, Grey, Rambo Grey / AC-303)",7999,5,mind-blowing purchase,very good,positive
"MAHARAJA WHITELINE 65 L Desert Air Cooler??????(White, Grey, Rambo Grey / AC-303)",7999,5,highly recommended,awesome,positive
"MAHARAJA WHITELINE 65 L Desert Air Cooler??????(White, Grey, Rambo Grey / AC-303)",7999,1,very poor,not satisfied with the cooling very bad cooling,negative
"MAHARAJA WHITELINE 65 L Desert Air Cooler??????(White, Grey, Rambo Grey / AC-303)",7999,5,mind-blowing purchase,i think that it is small but it is big and colling is excellent,positive
"MAHARAJA WHITELINE 65 L Desert Air Cooler??????(White, Grey, Rambo Grey / AC-303)",7999,5,terrific purchase,very nice product i am happy,positive
"MAHARAJA WHITELINE 65 L Desert Air Cooler??????(White, Grey, Rambo Grey / AC-303)",7999,5,best in the market!,i like it it is good,positive
"MAHARAJA WHITELINE 65 L Desert Air Cooler??????(White, Grey, Rambo Grey / AC-303)",7999,5,excellent,good,positive
"MAHARAJA WHITELINE 65 L Desert Air Cooler??????(White, Grey, Rambo Grey / AC-303)",7999,4,delightful,the product is very good and the product was delivered on time,positive
"MAHARAJA WHITELINE 65 L Desert Air Cooler??????(White, Grey, Rambo Grey / AC-303)",7999,5,wonderful,very nice,positive
"MAHARAJA WHITELINE 65 L Desert Air Cooler??????(White, Grey, Rambo Grey / AC-303)",7999,5,great product,as expected its fit to 150sqft room cool air,positive
"MAHARAJA WHITELINE 65 L Desert Air Cooler??????(White, Grey, Rambo Grey / AC-303)",7999,1,worst experience ever!,fan speed low and do not proper cooling,positive
"MAHARAJA WHITELINE 65 L Desert Air Cooler??????(White, Grey, Rambo Grey / AC-303)",7999,5,terrific,excellent,positive
"MAHARAJA WHITELINE 65 L Desert Air Cooler??????(White, Grey, Rambo Grey / AC-303)",7999,4,value-for-money,good but its too big,positive
"MAHARAJA WHITELINE 65 L Desert Air Cooler??????(White, Grey, Rambo Grey / AC-303)",7999,5,fabulous!,superb cooler it cools room within 5 minute amazing cooler amazing price,positive
"MAHARAJA WHITELINE 65 L Desert Air Cooler??????(White, Grey, Rambo Grey / AC-303)",7999,4,good choice,good quality product drain system needs improvement,positive
"MAHARAJA WHITELINE 65 L Desert Air Cooler??????(White, Grey, Rambo Grey / AC-303)",7999,5,must buy!,best cooler in market,positive
"MAHARAJA WHITELINE 65 L Desert Air Cooler??????(White, Grey, Rambo Grey / AC-303)",7999,4,good quality product,smart cooling we are using the cooler in fan speed of one feeling like winter thanks maharaja,positive
"MAHARAJA WHITELINE 65 L Desert Air Cooler??????(White, Grey, Rambo Grey / AC-303)",7999,5,wonderful,thanks,positive
"MAHARAJA WHITELINE 65 L Desert Air Cooler??????(White, Grey, Rambo Grey / AC-303)",7999,4,very good,fantastic product thanks maharaja filpcart,positive
"MAHARAJA WHITELINE 65 L Desert Air Cooler??????(White, Grey, Rambo Grey / AC-303)",7999,5,excellent,awesome,positive
"MAHARAJA WHITELINE 65 L Desert Air Cooler??????(White, Grey, Rambo Grey / AC-303)",7999,1,very poor,very useless service,negative
"MAHARAJA WHITELINE 65 L Desert Air Cooler??????(White, Grey, Rambo Grey / AC-303)",7999,5,mind-blowing purchase,good,positive
"MAHARAJA WHITELINE 65 L Desert Air Cooler??????(White, Grey, Rambo Grey / AC-303)",7999,5,classy product,occupies space but is worth it,positive
"MAHARAJA WHITELINE 65 L Desert Air Cooler??????(White, Grey, Rambo Grey / AC-303)",7999,4,wonderful,nice cooler with strong and quality built using it from last 2 months,positive
"MAHARAJA WHITELINE 65 L Desert Air Cooler??????(White, Grey, Rambo Grey / AC-303)",7999,1,worst experience ever!,if ur staying in hot city this is waste dont buy,negative
"MAHARAJA WHITELINE 65 L Desert Air Cooler??????(White, Grey, Rambo Grey / AC-303)",7999,5,just wow!,excellent,positive
"MAHARAJA WHITELINE 65 L Desert Air Cooler??????(White, Grey, Rambo Grey / AC-303)",7999,3,nice,cooler is good but very dirty smell,negative
"MAHARAJA WHITELINE 65 L Desert Air Cooler??????(White, Grey, Rambo Grey / AC-303)",7999,1,absolute rubbish!,not effective cooling fan area of effect is also very narrow not ideal returned it,negative
"MAHARAJA WHITELINE 65 L Desert Air Cooler??????(White, Grey, Rambo Grey / AC-303)",7999,3,decent product,built quality is not up to the mark overall avearge,neutral
"MAHARAJA WHITELINE 65 L Desert Air Cooler??????(White, Grey, Rambo Grey / AC-303)",7999,5,mind-blowing purchase,awesome,positive
"MAHARAJA WHITELINE 65 L Desert Air Cooler??????(White, Grey, Rambo Grey / AC-303)",7999,1,hated it!,very bad product its water tank is not sufficient for a day tank empty in 4 hours and not open easily for cleaning,negative
"MAHARAJA WHITELINE 65 L Desert Air Cooler??????(White, Grey, Rambo Grey / AC-303)",7999,1,useless product,wrost cooler ever purchased not even 10 feet throw build quality is not upto mark purchase another good brand cooler instead of this,positive
"MAHARAJA WHITELINE 65 L Desert Air Cooler??????(White, Grey, Rambo Grey / AC-303)",7999,4,wonderful,good working in maharaja,positive
"MAHARAJA WHITELINE 65 L Desert Air Cooler??????(White, Grey, Rambo Grey / AC-303)",7999,5,awesome,nice cooler you can go for it,positive
"MAHARAJA WHITELINE 65 L Desert Air Cooler??????(White, Grey, Rambo Grey / AC-303)",7999,5,super!,fabulous,positive
"MAHARAJA WHITELINE 65 L Desert Air Cooler??????(White, Grey, Rambo Grey / AC-303)",7999,4,good quality product,value for money,positive
"MAHARAJA WHITELINE 65 L Desert Air Cooler??????(White, Grey, Rambo Grey / AC-303)",7999,3,fair,cooling very late n water will come slowly,neutral
"MAHARAJA WHITELINE 65 L Desert Air Cooler??????(White, Grey, Rambo Grey / AC-303)",7999,4,worth the money,good but how to wash the cooler its tension,positive
"MAHARAJA WHITELINE 65 L Desert Air Cooler??????(White, Grey, Rambo Grey / AC-303)",7999,4,good choice,nice products,positive
"MAHARAJA WHITELINE 65 L Desert Air Cooler??????(White, Grey, Rambo Grey / AC-303)",7999,3,good,fan speed is low but great cooling,positive
"MAHARAJA WHITELINE 65 L Desert Air Cooler??????(White, Grey, Rambo Grey / AC-303)",7999,5,simply awesome,good cooler for big rooms water lasts full night works best with cross ventilation highly recommended,positive
"MAHARAJA WHITELINE 65 L Desert Air Cooler??????(White, Grey, Rambo Grey / AC-303)",7999,4,value-for-money,very good and smooth working all functions are very good but wood grass all side bad improve side honeycomb cooling pad,positive
"MAHARAJA WHITELINE 65 L Desert Air Cooler??????(White, Grey, Rambo Grey / AC-303)",7999,1,absolute rubbish!,waste of money,negative
"MAHARAJA WHITELINE 65 L Desert Air Cooler??????(White, Grey, Rambo Grey / AC-303)",7999,1,unsatisfactory,not god air thorw not god quality not accepted,negative
"MAHARAJA WHITELINE 65 L Desert Air Cooler??????(White, Grey, Rambo Grey / AC-303)",7999,4,good quality product,cheap and best cooler even good for extreme summer,positive
"MAHARAJA WHITELINE 65 L Desert Air Cooler??????(White, Grey, Rambo Grey / AC-303)",7999,5,mind-blowing purchase,nice product,positive
"MAHARAJA WHITELINE 65 L Desert Air Cooler??????(White, Grey, Rambo Grey / AC-303)",7999,5,awesome,i am very happy,positive
"MAHARAJA WHITELINE 65 L Desert Air Cooler??????(White, Grey, Rambo Grey / AC-303)",7999,5,terrific,nice,positive
"MAHARAJA WHITELINE 65 L Desert Air Cooler??????(White, Grey, Rambo Grey / AC-303)",7999,3,nice,air throw weak,negative
"MAHARAJA WHITELINE 65 L Desert Air Cooler??????(White, Grey, Rambo Grey / AC-303)",7999,5,wonderful,super,positive
"MAHARAJA WHITELINE 65 L Desert Air Cooler??????(White, Grey, Rambo Grey / AC-303)",7999,1,terrible product,too much big size,neutral
"MAHARAJA WHITELINE 65 L Desert Air Cooler??????(White, Grey, Rambo Grey / AC-303)",7999,5,super!,best,positive
"MAHARAJA WHITELINE 65 L Desert Air Cooler??????(White, Grey, Rambo Grey / AC-303)",7999,5,best in the market!,just awsm its cooling beats many expensive branded cooler price is also very decent comparing other coolers,positive
"MAHARAJA WHITELINE 65 L Desert Air Cooler??????(White, Grey, Rambo Grey / AC-303)",7999,4,good choice,good,positive
"MAHARAJA WHITELINE 65 L Desert Air Cooler??????(White, Grey, Rambo Grey / AC-303)",7999,5,terrific purchase,its a big coolerair throw is good cooling is also good build material is sturdy water inlet shuld be little bit big overall i am satisfied with the product,positive
"MAHARAJA WHITELINE 65 L Desert Air Cooler??????(White, Grey, Rambo Grey / AC-303)",7999,5,super!,good cooling low noise better daily change the water to avoid smell separate water hose required for water loading,positive
"MAHARAJA WHITELINE 65 L Desert Air Cooler??????(White, Grey, Rambo Grey / AC-303)",7999,4,good choice,good quality,positive
"MAHARAJA WHITELINE 65 L Desert Air Cooler??????(White, Grey, Rambo Grey / AC-303)",7999,5,best in the market!,very good in time delivery beautiful organization from flipcortthank you,positive
"MAHARAJA WHITELINE 65 L Desert Air Cooler??????(White, Grey, Rambo Grey / AC-303)",7999,1,not recommended at all,very bad product bad quality low air flow not useful product waist money before 100 time think purchasing this product this product r not refundable all flipkart assistant was misguid,negative
"MAHARAJA WHITELINE 65 L Desert Air Cooler??????(White, Grey, Rambo Grey / AC-303)",7999,5,awesome,delivery of the product is amazing as usual and delivery person is also very helpful,positive
"MAHARAJA WHITELINE 65 L Desert Air Cooler??????(White, Grey, Rambo Grey / AC-303)",7999,5,terrific,i am writing a review after using it for 4 days this cooler is very nice size is jumbo cooling starts in the room after a while at night,positive
"MAHARAJA WHITELINE 65 L Desert Air Cooler??????(White, Grey, Rambo Grey / AC-303)",7999,4,delightful,i am giving 4 star but its deserv 10 out 9 i m cutting 1 star due to stand and water indicator once stand n water indicator will include this will be become the best nice air cooling super design power air throught range no sound overall worth to buy,positive
"MAHARAJA WHITELINE 65 L Desert Air Cooler??????(White, Grey, Rambo Grey / AC-303)",7999,4,very good,nice product,positive
"MAHARAJA WHITELINE 65 L Desert Air Cooler??????(White, Grey, Rambo Grey / AC-303)",7999,5,perfect product!,yes its quite goodyou can go for it nicely deliveredthank you flipkart,positive
"MAHARAJA WHITELINE 65 L Desert Air Cooler??????(White, Grey, Rambo Grey / AC-303)",7999,5,perfect product!,value for money,positive
"MAHARAJA WHITELINE 65 L Desert Air Cooler??????(White, Grey, Rambo Grey / AC-303)",7999,5,super!,very good,positive
"MAHARAJA WHITELINE 65 L Desert Air Cooler??????(White, Grey, Rambo Grey / AC-303)",7999,1,hated it!,very poor product and heavy smell through out the room received damaged,negative
"MAHARAJA WHITELINE 65 L Desert Air Cooler??????(White, Grey, Rambo Grey / AC-303)",7999,3,decent product,ok,neutral
"MAHARAJA WHITELINE 65 L Desert Air Cooler??????(White, Grey, Rambo Grey / AC-303)",7999,5,terrific,this is aws product at healthy price its worth to buy,positive
"MAHARAJA WHITELINE 65 L Desert Air Cooler??????(White, Grey, Rambo Grey / AC-303)",7999,5,excellent,very nice,positive
"MAHARAJA WHITELINE 65 L Desert Air Cooler??????(White, Grey, Rambo Grey / AC-303)",7999,5,terrific,i was vary of buying coole online as i cannot check the airflow or faults before purchasing but this cooler really changed my mind i did extensive research watched reviews and at the end selected this this is a beast of a cooler the airflow is absolutely amazing for this sizzling weather this cooler really throws cool air one advice always keep your coolers in a fully ventilated area like outside a window then you will see how great it works this was a great purchase and if you a,positive
"MAHARAJA WHITELINE 65 L Desert Air Cooler??????(White, Grey, Rambo Grey / AC-303)",7999,5,simply awesome,nice,positive
"MAHARAJA WHITELINE 65 L Desert Air Cooler??????(White, Grey, Rambo Grey / AC-303)",7999,5,brilliant,very good product very nice cooling,positive
"MAHARAJA WHITELINE 65 L Desert Air Cooler??????(White, Grey, Rambo Grey / AC-303)",7999,5,classy product,good one very less noise,positive
"MAHARAJA WHITELINE 65 L Desert Air Cooler??????(White, Grey, Rambo Grey / AC-303)",7999,4,wonderful,good,positive
"MAHARAJA WHITELINE 65 L Desert Air Cooler??????(White, Grey, Rambo Grey / AC-303)",7999,5,best in the market!,its greatworks like an ac,positive
"MAHARAJA WHITELINE 65 L Desert Air Cooler??????(White, Grey, Rambo Grey / AC-303)",7999,5,best in the market!,best coolerlow noise and better cooling,positive
"MAHARAJA WHITELINE 65 L Desert Air Cooler??????(White, Grey, Rambo Grey / AC-303)",7999,5,best in the market!,super,positive
"MAHARAJA WHITELINE 65 L Desert Air Cooler??????(White, Grey, Rambo Grey / AC-303)",7999,1,did not meet expectations,delivered the product on time but the demo was not done even after two weeks for which the amount is already deducted complaint was raised but they are dragging that will be done in 24 hours but many 24 48 hours have gone,negative
"MAHARAJA WHITELINE 65 L Desert Air Cooler??????(White, Grey, Rambo Grey / AC-303)",7999,5,wonderful,awaesome cooler it is better than symphony,positive
"MAHARAJA WHITELINE 65 L Desert Air Cooler??????(White, Grey, Rambo Grey / AC-303)",7999,5,classy product,flipkart delivery very nice and product in this time good,positive
"MAHARAJA WHITELINE 65 L Desert Air Cooler??????(White, Grey, Rambo Grey / AC-303)",7999,5,just wow!,cooler is so good and cooling bestthank you flipkart,positive
"MAHARAJA WHITELINE 65 L Desert Air Cooler??????(White, Grey, Rambo Grey / AC-303)",7999,5,terrific,good one,positive
"MAHARAJA WHITELINE 65 L Desert Air Cooler??????(White, Grey, Rambo Grey / AC-303)",7999,4,very good,nice product cooling air,positive
"MAHARAJA WHITELINE 65 L Desert Air Cooler??????(White, Grey, Rambo Grey / AC-303)",7999,5,fabulous!,best air cooler,positive
"MAHARAJA WHITELINE 65 L Desert Air Cooler??????(White, Grey, Rambo Grey / AC-303)",7999,5,simply awesome,after use of one week in extreme conditions i feel this cooler works very fine strongly recommend to buy this product,positive
"MAHARAJA WHITELINE 65 L Desert Air Cooler??????(White, Grey, Rambo Grey / AC-303)",7999,4,delightful,looks good purchase and economical tge power cord should have been 5 meters or 6 meters length instead of existing 2 meters given the huge size if this desert cooler,positive
"MAHARAJA WHITELINE 65 L Desert Air Cooler??????(White, Grey, Rambo Grey / AC-303)",7999,4,value-for-money,its best small family,positive
"MAHARAJA WHITELINE 65 L Desert Air Cooler??????(White, Grey, Rambo Grey / AC-303)",7999,1,very poor,extremely horrible servicedo not order,negative
"MAHARAJA WHITELINE 65 L Desert Air Cooler??????(White, Grey, Rambo Grey / AC-303)",7999,4,nice product,extremely good productgood product for lower floor and not good for the top floor,positive
"MAHARAJA WHITELINE 65 L Desert Air Cooler??????(White, Grey, Rambo Grey / AC-303)",7999,5,terrific,verry good indian fast desert coolar verey verry nise product,positive
"MAHARAJA WHITELINE 65 L Desert Air Cooler??????(White, Grey, Rambo Grey / AC-303)",7999,4,value-for-money,air cooler is better im happy recived your product,positive
"MAHARAJA WHITELINE 65 L Desert Air Cooler??????(White, Grey, Rambo Grey / AC-303)",7999,4,wonderful,good product,positive
"MAHARAJA WHITELINE 65 L Desert Air Cooler??????(White, Grey, Rambo Grey / AC-303)",7999,3,decent product,we found inside fan bed will not fixed properly and also bolt nuts fall inside further remaing all ok,positive
"MAHARAJA WHITELINE 65 L Desert Air Cooler??????(White, Grey, Rambo Grey / AC-303)",7999,5,must buy!,nice product,positive
"MAHARAJA WHITELINE 65 L Desert Air Cooler??????(White, Grey, Rambo Grey / AC-303)",7999,5,mind-blowing purchase,awesome product,positive
"MAHARAJA WHITELINE 65 L Desert Air Cooler??????(White, Grey, Rambo Grey / AC-303)",7999,5,super!,good cooler,positive
"MAHARAJA WHITELINE 65 L Desert Air Cooler??????(White, Grey, Rambo Grey / AC-303)",7999,5,highly recommended,very good product on very first day it fell on the floor from table with full water but quality of product is too good still working thankyou flipkart,positive
"MAHARAJA WHITELINE 65 L Desert Air Cooler??????(White, Grey, Rambo Grey / AC-303)",7999,5,super!,fantastic cooling,positive
"MAHARAJA WHITELINE 65 L Desert Air Cooler??????(White, Grey, Rambo Grey / AC-303)",7999,5,excellent,nice cooling,positive
"MAHARAJA WHITELINE 65 L Desert Air Cooler??????(White, Grey, Rambo Grey / AC-303)",7999,3,good,please share a good operating manual how are we supposed to flush out water nothing like mentioned also dismantling back needs a specialist please design in such way where even elders can operate,positive
"MAHARAJA WHITELINE 65 L Desert Air Cooler??????(White, Grey, Rambo Grey / AC-303)",7999,1,horrible,worst product dont waste your money,negative
"MAHARAJA WHITELINE 65 L Desert Air Cooler??????(White, Grey, Rambo Grey / AC-303)",7999,5,fabulous!,excellent product,positive
"MAHARAJA WHITELINE 65 L Desert Air Cooler??????(White, Grey, Rambo Grey / AC-303)",7999,5,perfect product!,nice cooler awesome product,positive
"MAHARAJA WHITELINE 65 L Desert Air Cooler??????(White, Grey, Rambo Grey / AC-303)",7999,3,decent product,blade of cooler fan is broken,negative
"MAHARAJA WHITELINE 65 L Desert Air Cooler??????(White, Grey, Rambo Grey / AC-303)",7999,2,badly disappointed,air delivery is very bad not even cooling 10x13 room,negative
"MAHARAJA WHITELINE 65 L Desert Air Cooler??????(White, Grey, Rambo Grey / AC-303)",7999,5,fabulous!,very nice,positive
"MAHARAJA WHITELINE 65 L Desert Air Cooler??????(White, Grey, Rambo Grey / AC-303)",7999,3,good,performance reduced after 2 months,neutral
"MAHARAJA WHITELINE 65 L Desert Air Cooler??????(White, Grey, Rambo Grey / AC-303)",7999,5,perfect product!,its more than my expectations iam so happy and as usual excellent flipkart service,positive
"MAHARAJA WHITELINE 65 L Desert Air Cooler??????(White, Grey, Rambo Grey / AC-303)",7999,1,terrible product,worst model all user please dont buy,negative
"MAHARAJA WHITELINE 65 L Desert Air Cooler??????(White, Grey, Rambo Grey / AC-303)",7999,1,unsatisfactory,not good,negative
"MAHARAJA WHITELINE 65 L Desert Air Cooler??????(White, Grey, Rambo Grey / AC-303)",7999,5,fabulous!,super,positive
"MAHARAJA WHITELINE 65 L Desert Air Cooler??????(White, Grey, Rambo Grey / AC-303)",7999,5,just wow!,nice product,positive
"MAHARAJA WHITELINE 65 L Desert Air Cooler??????(White, Grey, Rambo Grey / AC-303)",7999,5,highly recommended,overall good product cons come without stand,positive
"MAHARAJA WHITELINE 65 L Desert Air Cooler??????(White, Grey, Rambo Grey / AC-303)",7999,4,good quality product,good product nd fast delivery,positive
"MAHARAJA WHITELINE 65 L Desert Air Cooler??????(White, Grey, Rambo Grey / AC-303)",7999,3,just okay,good bt without wheel or stand very difficult to move,negative
"MAHARAJA WHITELINE 65 L Desert Air Cooler??????(White, Grey, Rambo Grey / AC-303)",7999,5,excellent,best product with resionable price,positive
"MAHARAJA WHITELINE 65 L Desert Air Cooler??????(White, Grey, Rambo Grey / AC-303)",7999,5,mind-blowing purchase,it is ok,neutral
"MAHARAJA WHITELINE 65 L Desert Air Cooler??????(White, Grey, Rambo Grey / AC-303)",7999,4,value-for-money,good,positive
"MAHARAJA WHITELINE 65 L Desert Air Cooler??????(White, Grey, Rambo Grey / AC-303)",7999,5,worth every penny,nice product,positive
"MAHARAJA WHITELINE 65 L Desert Air Cooler??????(White, Grey, Rambo Grey / AC-303)",7999,5,brilliant,coling is best another cooler,positive
"MAHARAJA WHITELINE 65 L Desert Air Cooler??????(White, Grey, Rambo Grey / AC-303)",7999,4,wonderful,coolar is good but suggest that i thinks wheel also provide in coolar for easy movement,positive
"MAHARAJA WHITELINE 65 L Desert Air Cooler??????(White, Grey, Rambo Grey / AC-303)",7999,5,terrific purchase,good to go,positive
"MAHARAJA WHITELINE 65 L Desert Air Cooler??????(White, Grey, Rambo Grey / AC-303)",7999,1,unsatisfactory,very huge in size cooling no good feels air just like normal fan,positive
"MAHARAJA WHITELINE 65 L Desert Air Cooler??????(White, Grey, Rambo Grey / AC-303)",7999,4,value-for-money,awesome,positive
"MAHARAJA WHITELINE 65 L Desert Air Cooler??????(White, Grey, Rambo Grey / AC-303)",7999,2,not good,worst,negative
"MAHARAJA WHITELINE 65 L Desert Air Cooler??????(White, Grey, Rambo Grey / AC-303)",7999,5,excellent,cooler chilled the room very fast,positive
"MAHARAJA WHITELINE 65 L Desert Air Cooler??????(White, Grey, Rambo Grey / AC-303)",7999,3,nice,its good but size is too big,positive
"MAHARAJA WHITELINE 65 L Desert Air Cooler??????(White, Grey, Rambo Grey / AC-303)",7999,5,just wow!,its huge and secondly its as good as ac but the problem is you cannot control the cooling its good if you have a 1500 sqft house,positive
"MAHARAJA WHITELINE 65 L Desert Air Cooler??????(White, Grey, Rambo Grey / AC-303)",7999,4,wonderful,it is perfect for your daughter marriage items no doubt it is big and it is room cooler,positive
"MAHARAJA WHITELINE 65 L Desert Air Cooler??????(White, Grey, Rambo Grey / AC-303)",7999,5,brilliant,amazing product it works wonders in 45c and always go for wood woolen pads as theyre better than honeycomb,positive
"MAHARAJA WHITELINE 65 L Desert Air Cooler??????(White, Grey, Rambo Grey / AC-303)",7999,5,best in the market!,very good product dont think much more go for it absolutely value of money,positive
"MAHARAJA WHITELINE 65 L Desert Air Cooler??????(White, Grey, Rambo Grey / AC-303)",7999,4,very good,it is big moving it is problematic it would have been easier to clean if the side panels were easily removable does a decent job of cooling the room,positive
"MAHARAJA WHITELINE 65 L Desert Air Cooler??????(White, Grey, Rambo Grey / AC-303)",7999,4,worth the money,good product,positive
"MAHARAJA WHITELINE 65 L Desert Air Cooler??????(White, Grey, Rambo Grey / AC-303)",7999,5,must buy!,its very good products in online its very well,positive
"MAHARAJA WHITELINE 65 L Desert Air Cooler??????(White, Grey, Rambo Grey / AC-303)",7999,4,wonderful,good,positive
"MAHARAJA WHITELINE 65 L Desert Air Cooler??????(White, Grey, Rambo Grey / AC-303)",7999,1,utterly disappointed,its a very poor quality product dont buy its,negative
"MAHARAJA WHITELINE 65 L Desert Air Cooler??????(White, Grey, Rambo Grey / AC-303)",7999,4,really nice,good with price,positive
"MAHARAJA WHITELINE 65 L Desert Air Cooler??????(White, Grey, Rambo Grey / AC-303)",7999,5,mind-blowing purchase,too good product,positive
"MAHARAJA WHITELINE 65 L Desert Air Cooler??????(White, Grey, Rambo Grey / AC-303)",7999,4,pretty good,excellent cooler happy with it,positive
"MAHARAJA WHITELINE 65 L Desert Air Cooler??????(White, Grey, Rambo Grey / AC-303)",7999,5,awesome,very good product in low price its our second plastic cooler and i am happy with its cooling and other features in future i definitely buy it again and recommend to others also thanks flipkart,positive
"MAHARAJA WHITELINE 65 L Desert Air Cooler??????(White, Grey, Rambo Grey / AC-303)",7999,1,terrible product,worst product,negative
"MAHARAJA WHITELINE 65 L Desert Air Cooler??????(White, Grey, Rambo Grey / AC-303)",7999,3,does the job,plastic quality is not that strong as of symphony coolers,negative
"MAHARAJA WHITELINE 65 L Desert Air Cooler??????(White, Grey, Rambo Grey / AC-303)",7999,5,excellent,very good product,positive
"MAHARAJA WHITELINE 65 L Desert Air Cooler??????(White, Grey, Rambo Grey / AC-303)",7999,3,decent product,not upto the reviews build up level too bulky quite noisy lack of wheel is biggest disadvantage buy at your own risk not happy overall,negative
"MAHARAJA WHITELINE 65 L Desert Air Cooler??????(White, Grey, Rambo Grey / AC-303)",7999,1,did not meet expectations,nonetheless i gives the feel of ac,negative
"MAHARAJA WHITELINE 65 L Desert Air Cooler??????(White, Grey, Rambo Grey / AC-303)",7999,1,absolute rubbish!,this product does not cool as much as it was written in the advertisement i am not so happy with this product,negative
"MAHARAJA WHITELINE 65 L Desert Air Cooler??????(White, Grey, Rambo Grey / AC-303)",7999,4,very good,good,positive
"MAHARAJA WHITELINE 65 L Desert Air Cooler??????(White, Grey, Rambo Grey / AC-303)",7999,4,good quality product,yup satisfied,positive
"MAHARAJA WHITELINE 65 L Desert Air Cooler??????(White, Grey, Rambo Grey / AC-303)",7999,3,does the job,air flow is not that good,negative
"MAHARAJA WHITELINE 65 L Desert Air Cooler??????(White, Grey, Rambo Grey / AC-303)",7999,3,nice,no stand and little noisy cooler,negative
"MAHARAJA WHITELINE 65 L Desert Air Cooler??????(White, Grey, Rambo Grey / AC-303)",7999,4,worth the money,very nice product,positive
"MAHARAJA WHITELINE 65 L Desert Air Cooler??????(White, Grey, Rambo Grey / AC-303)",7999,4,worth the money,good onebut still sounds generated by cooler are very noisymust buy stand with this cooler,positive
"MAHARAJA WHITELINE 65 L Desert Air Cooler??????(White, Grey, Rambo Grey / AC-303)",7999,5,perfect product!,nice product thanks to flipkart for early delivery special thanks to delivery boy for gentle behaviour,positive
"MAHARAJA WHITELINE 65 L Desert Air Cooler??????(White, Grey, Rambo Grey / AC-303)",7999,4,value-for-money,nice product with decent price,positive
